-- 初始化城市
INSERT into city(id, name, code) select 1, '上海' , '021' from dual where not exists (select 1 from city where name = '上海');

-- 初始化行政区域
truncate table district;
INSERT INTO district (id, name, city_id) VALUES ('11', '浦东新区', '1'), ('1', '黄浦区', '1'), ('2', '徐汇区', '1'), ('3', '长宁区', '1'), ('4', '静安区', '1'), ('5', '普陀区', '1'), ('6', '虹口区', '1'), ('7', '杨浦区', '1'), ('8', '闵行区', '1'), ('9', '宝山区', '1'), ('10', '嘉定区', '1'), ('12', '金山区', '1'), ('13', '松江区', '1'), ('14', '青浦区', '1'), ('15', '奉贤区', '1'), ('16', '崇明县', '1');

-- 初始化会员级别
INSERT INTO member_ship (id, description, level_number) VALUES ('0', '非会员', '0'), ('1', '普通会员', '1'), ('2', '金卡会员', '2'), ('3', '黑金会员', '3');

-- 初始化场地
INSERT INTO location (id, address, district_id) VALUES (1, '万科城市花园', 8);
INSERT INTO location (id, address, district_id) VALUES (2, '浦江镇教学点', 11);

-- 初始化老师
INSERT INTO teacher (id, mobile_phone, name, location_id) VALUES (1, '15221755337', '郭安', 1);
INSERT INTO teacher (id, mobile_phone, name, location_id) VALUES (2, '17221755338', '刘武根', 1);

-- 初始化课程
INSERT INTO course (id, class_size, description, hours_each_time, name, periods, total_price, unite_price, member_ship_id, teacher_id, is_active) VALUES
  ('1', 1, '普通会员，单人网球培训班（双月卡）', 1, '普通单人网球培训班', 15, 3666, 244, 1, 1, 1),
  ('2', 1, '金卡会员，单人网球培训班（多季卡）', 1, '金卡单人网球培训班', 30, 6888, 229, 2, 1, 1),
  ('3', 1, '黑金卡会员，单人网球培训班（小年卡）', 1, '黑金卡单人网球培训班', '60', 12000, '200', '3', 1, 1),
  ('4', 2, '普通会员，双人网球培训班（双月卡）', 1, '普通双人网球培训班', '15', 2790, '186', '1', 1, 1),
  ('5', 2, '金卡会员，双人网球培训班（双月卡）', 1, '金卡双人网球培训班', '30', 4999, '166', '2', 1, 1),
  ('6', 2, '黑金卡会员，双人网球培训班（小年卡）', 1, '黑金卡双人网球培训班', '60', 9000, '150', '3', 1, 1),
  ('7', 3, '普通会员，家庭亲子网球培训班（双月卡）', 1, '家庭亲子网球培训班', '15', 2250, '150', '1', 1, 1),
  ('8', 3, '金卡会员，家庭亲子网球培训班（双月卡）', 1, '金卡家庭亲子网球培训班', '30', 4200, '140', '2', 1, 1),
  ('9', 3, '黑金卡会员，家庭晴子网球培训班（小年卡）', 1, '黑金卡家庭亲子网球培训班', '60', 7600, '126', '3', 1, 1),
  ('10', -1, '多人培训，36课时', '网球多人培训基础班', 2, '18', 3000, '166.67', '1', 1, 1),
  ('11', -1, '多人培训，72课时', '网球多人培训提高班', 2, '36', 5800, '161.11', '1', 1, 1);
